account_id,churn_yn,daily_actions,daily_sessions,days_played,max_level,tenure
003D42CD,0.0,1251.9259259259259,4.111111111111111,27.0,50.0,877.3384011111111
0067CFF2,1.0,326.2142857142857,2.142857142857143,14.0,50.0,961.0362327777779
010010EB,0.0,2465.5882352941176,21.38235294117647,34.0,50.0,844.7576291666667
024197F3,0.0,1035.4411764705883,13.147058823529411,34.0,50.0,940.2889133333333
0270A04D,0.0,1424.0,10.794871794871796,39.0,50.0,938.8472336111112
0304437A,0.0,4699.25,34.9,40.0,50.0,954.4354566666666
031E8DEE,0.0,2544.0,24.341463414634145,41.0,50.0,962.9262388888889
032FCAF6,1.0,212.85714285714286,5.857142857142857,7.0,50.0,790.5943952777777
036DB130,1.0,1995.05,11.275,40.0,50.0,935.7137427777777
039DFB34,1.0,33.0,1.5,4.0,50.0,198.34127750000002
03BFF4ED,0.0,2029.8461538461538,3.769230769230769,13.0,50.0,554.3922197222222
040390F5,0.0,6010.609756097561,9.0,41.0,50.0,956.6257438888888
0448D42F,0.0,2665.675,12.65,40.0,50.0,959.0820533333333
04B7E0EC,1.0,942.5151515151515,5.545454545454546,33.0,50.0,915.3691236111111
04F65978,0.0,4084.275,22.425,40.0,50.0,944.6081877777777
04FF70F5,1.0,1462.1052631578948,13.052631578947368,38.0,50.0,937.4139494444444
051AA4EB,0.0,2446.121212121212,30.545454545454547,33.0,50.0,914.9875125
05465B15,0.0,2999.6285714285714,11.257142857142858,35.0,50.0,957.5618611111112
056D4BE2,0.0,798.6,4.3,20.0,50.0,961.8114777777778
05BC098A,0.0,950.8571428571429,1.1428571428571428,7.0,50.0,394.888575
05F6C4EF,0.0,1988.1951219512196,11.21951219512195,41.0,50.0,960.8431238888888
0662BDFE,0.0,2571.2105263157896,13.236842105263158,38.0,50.0,915.8756972222221
06B492FC,0.0,654.1818181818181,2.4242424242424243,33.0,50.0,893.0798830555556
0762BFF7,0.0,858.1388888888889,3.9166666666666665,36.0,50.0,959.2507394444444
076D20FC,0.0,1180.4137931034484,5.896551724137931,29.0,50.0,889.4040630555555
077DA243,0.0,2167.6666666666665,12.333333333333334,27.0,50.0,694.5134636111111
07EC7EF9,1.0,1990.0,3.3333333333333335,3.0,50.0,37.03223166666667
08AA45D9,1.0,1040.8387096774193,9.806451612903226,31.0,50.0,912.3264344444444
08FEEDE4,1.0,1146.2941176470588,1.411764705882353,17.0,50.0,795.4541969444444
091767A3,0.0,8997.682926829268,8.853658536585366,41.0,50.0,962.5197908333333
091A888B,1.0,717.8333333333334,1.3333333333333333,12.0,32.0,293.1991463888889
091E4EF8,0.0,8761.131578947368,21.42105263157895,38.0,50.0,947.9431394444445
096609EB,0.0,2061.756097560976,11.439024390243903,41.0,50.0,960.7523955555555
097D4CF2,0.0,1846.725,13.775,40.0,50.0,961.0331847222221
0B43A6ED,0.0,4925.292682926829,63.048780487804876,41.0,50.0,951.4034144444444
0C252682,0.0,1812.5416666666667,6.791666666666667,24.0,50.0,934.8179308333333
0C2B63FC,0.0,1900.9655172413793,9.10344827586207,29.0,50.0,932.3469080555556
0C337EF4,0.0,1279.3055555555557,27.055555555555557,36.0,50.0,930.2051316666666
0C342FF8,0.0,2563.769230769231,23.05128205128205,39.0,50.0,955.3825708333333
0C3CECAD,0.0,1981.6756756756756,13.702702702702704,37.0,50.0,963.4521225
0C68B9EF,0.0,333.3030303030303,8.515151515151516,33.0,50.0,831.0938761111111
0D4634EB,0.0,965.7575757575758,14.06060606060606,33.0,50.0,922.2860463888888
0D4967EC,0.0,353.45454545454544,4.7727272727272725,22.0,50.0,895.6881333333333
0D6E834A,1.0,3726.4285714285716,30.37142857142857,35.0,50.0,934.2424263888888
0D70EFF3,1.0,321.3333333333333,3.5555555555555554,9.0,50.0,816.9789958333332
0D87AAFC,0.0,6107.7027027027025,5.1891891891891895,37.0,50.0,915.0619080555556
0DD90FFC,0.0,2506.9,33.925,40.0,50.0,945.4307691666667
0ECABAF5,0.0,2203.5,1.4166666666666667,12.0,50.0,619.1279088888889
0ECF20EF,1.0,15.6,1.3333333333333333,15.0,31.0,430.8073483333333
0EEEA9F7,1.0,1607.642857142857,4.285714285714286,14.0,50.0,817.2425097222223
0F225AED,1.0,1699.6666666666667,1.0,3.0,23.0,39.60167333333334
0F640130,0.0,2881.8214285714284,37.32142857142857,28.0,50.0,888.9200127777779
0F7727DD,0.0,1078.780487804878,8.707317073170731,41.0,50.0,960.1357022222222
0FD7310D,0.0,1248.4347826086957,8.26086956521739,23.0,50.0,939.211731111111
1048C2C0,0.0,100.66666666666667,1.5555555555555556,18.0,46.0,702.8716847222222
10A388F7,1.0,3612.6,17.48,25.0,50.0,573.669526111111
111C29AA,0.0,405.2,1.0,5.0,50.0,816.8332591666667
120590F5,1.0,30.0,1.2222222222222223,9.0,50.0,231.21049277777777
127068ED,0.0,1169.75,16.25,12.0,50.0,738.194678611111
128A19FA,0.0,395.73333333333335,8.666666666666666,30.0,50.0,915.8828847222221
13355E6B,1.0,706.9130434782609,4.217391304347826,23.0,50.0,923.1834969444445
135276C7,1.0,489.0,1.0,1.0,50.0,0.9249508333333333
136CE23B,0.0,1230.2105263157894,9.105263157894736,19.0,50.0,840.2828863888889
13A7FBFA,0.0,225.07692307692307,4.1923076923076925,26.0,50.0,936.7761972222222
14EF9647,1.0,2555.5714285714284,18.952380952380953,21.0,50.0,872.5455875
151636EF,1.0,109.0,1.0,1.0,50.0,0.044291388888888894
1674C396,0.0,1602.0882352941176,12.558823529411764,34.0,50.0,935.5105880555556
16FD11A4,1.0,5498.102564102564,20.487179487179485,39.0,50.0,957.9004783333334
176B41F5,0.0,931.2222222222222,4.62962962962963,27.0,50.0,906.540075
185F9DFD,0.0,1967.142857142857,15.857142857142858,7.0,50.0,935.2051388888889
18669EF3,0.0,4177.181818181818,25.863636363636363,22.0,50.0,777.0560519444444
18E5D844,0.0,1596.590909090909,6.0,22.0,50.0,939.4080455555556
1930B8EC,0.0,2221.1052631578946,4.157894736842105,38.0,50.0,957.2412191666666
1951CD6A,0.0,543.0,7.25,16.0,50.0,935.082981111111
196D545B,1.0,110.33333333333333,4.0,3.0,50.0,139.97772416666666
1A1C9379,0.0,1052.2307692307693,4.884615384615385,26.0,50.0,939.5994191666666
1A3165E6,1.0,323.5,23.5,4.0,50.0,840.9719519444444
1A8EAFEF,0.0,1712.861111111111,7.972222222222222,36.0,50.0,961.0634327777777
1AB287FF,0.0,1506.1052631578948,16.263157894736842,38.0,50.0,932.7307350000001
1B3383F2,1.0,730.5555555555555,1.1111111111111112,9.0,50.0,843.6252258333334
1B62F7EB,1.0,1483.138888888889,2.7222222222222223,36.0,50.0,958.2397633333334
1B89A8CA,1.0,2232.75,2.3125,16.0,50.0,410.3538002777778
1C3E5B23,0.0,276.3,9.15,40.0,50.0,959.8229683333334
1C77D3AC,1.0,1146.5,14.527777777777779,36.0,50.0,944.6019402777778
1CF8CD9D,1.0,857.4,12.6,5.0,50.0,764.9353313888889
1E4ABAA2,0.0,987.3333333333334,5.619047619047619,21.0,50.0,482.7360313888889
1E527A43,0.0,5803.285714285715,9.514285714285714,35.0,50.0,839.0229594444445
1E58E782,0.0,1968.15625,22.09375,32.0,50.0,867.7330047222222
1E888009,0.0,292.0,4.529411764705882,17.0,50.0,823.3423063888888
1EB974F4,0.0,1477.2222222222222,12.722222222222221,36.0,50.0,946.5474955555557
1F6CE0EE,1.0,1542.1538461538462,1.7307692307692308,26.0,50.0,957.0930044444444
1F981D99,1.0,1248.8,8.4,20.0,50.0,898.8349000000001
204886E2,0.0,1153.525,15.425,40.0,50.0,959.5395147222222
207D60F3,0.0,1396.5,27.1,20.0,50.0,857.2895305555555
20A3B8F3,0.0,1835.1,10.85,40.0,50.0,962.1082941666667
20B9C2AA,0.0,3107.6470588235293,18.58823529411765,34.0,50.0,948.0101969444444
20C60BF6,1.0,754.7058823529412,4.705882352941177,17.0,50.0,405.6799233333333
20D35724,0.0,2263.266666666667,18.066666666666666,15.0,50.0,897.5677747222222
20F1D6EE,0.0,1211.7142857142858,11.8,35.0,50.0,942.4751644444445
20F27D33,0.0,605.0,4.0,3.0,50.0,505.03912972222224
215BEFFE,0.0,440.32142857142856,2.6785714285714284,28.0,50.0,952.2177397222222
21C80FFC,1.0,38.8125,1.4375,16.0,50.0,459.08909083333333
21E794DA,0.0,1295.7058823529412,10.352941176470589,17.0,50.0,893.8919447222223
2254EA31,1.0,387.0,8.0,1.0,50.0,0.39448249999999996
229B2AEF,0.0,751.9333333333333,11.466666666666667,30.0,50.0,865.7895369444444
2312FC9D,0.0,2043.65,8.75,40.0,50.0,939.2816158333333
233E2217,1.0,325.1666666666667,2.8333333333333335,12.0,50.0,415.2138297222222
23BC9D01,1.0,1507.85,1.8,20.0,50.0,452.6964013888889
23F1AA66,0.0,3534.6341463414633,19.26829268292683,41.0,50.0,941.1630297222223
2440B3A0,0.0,1877.157894736842,10.157894736842104,19.0,50.0,899.056268611111
2488E8F1,0.0,1824.8055555555557,15.694444444444445,36.0,50.0,866.9198886111111
24D80AF3,0.0,331.0833333333333,5.138888888888889,36.0,50.0,892.6949280555556
251A53C2,1.0,410.3076923076923,2.230769230769231,13.0,50.0,298.92470055555555
258EB99B,1.0,2506.6,8.333333333333334,15.0,50.0,955.452193611111
258F3EEE,0.0,449.6,1.75,20.0,50.0,959.9910369444444
25A528D9,0.0,192.58823529411765,3.176470588235294,17.0,50.0,744.6201355555555
25F03352,0.0,1334.1666666666667,9.0,6.0,50.0,683.2459063888888
26078FF2,0.0,2362.675675675676,33.45945945945946,37.0,50.0,942.4540972222222
270AF3F2,1.0,1187.3030303030303,3.6666666666666665,33.0,50.0,938.2008466666666
272D0FEC,0.0,738.5294117647059,9.588235294117647,17.0,50.0,915.3314597222222
2779FBF1,0.0,530.6153846153846,9.153846153846153,13.0,50.0,819.3694680555556
282E7BEF,0.0,523.9047619047619,15.761904761904763,21.0,50.0,907.4077591666667
284AB03A,1.0,294.0,1.0,1.0,50.0,1.5136824999999998
2887087B,0.0,2589.731707317073,24.463414634146343,41.0,50.0,960.4157069444444
28B4A37D,0.0,97.6,3.8,10.0,50.0,235.65129833333333
28CB18EC,0.0,555.3125,4.1875,16.0,50.0,887.7242891666667
291F39FF,0.0,1151.5,6.194444444444445,36.0,50.0,962.1050144444445
292687EF,1.0,1905.4347826086957,15.434782608695652,23.0,50.0,908.3990619444445
2961D4F0,0.0,2715.4634146341464,12.75609756097561,41.0,50.0,959.8495788888889
299BAFEF,1.0,73.4,2.2,5.0,50.0,353.9107513888889
29DC293D,0.0,1309.4285714285713,13.0,35.0,50.0,940.0035413888888
2A4387F8,1.0,423.6666666666667,5.0,3.0,50.0,623.5565425
2A4C69E2,0.0,1826.0344827586207,12.655172413793103,29.0,50.0,922.3478777777777
2A90C5F4,0.0,1103.3846153846155,5.666666666666667,39.0,50.0,959.8472369444444
2AC833EF,0.0,1131.0294117647059,9.794117647058824,34.0,50.0,945.580925
2B4FB7FF,1.0,1524.0,1.2857142857142858,7.0,43.0,123.41176722222222
2BE937A5,1.0,610.7142857142857,6.0,14.0,50.0,870.3295041666667
2BF2541C,0.0,2804.25641025641,46.05128205128205,39.0,50.0,913.0387880555555
2C0F7DC9,1.0,2073.0,2.857142857142857,7.0,45.0,240.88988333333333
2C99E22C,0.0,2009.2941176470588,17.941176470588236,17.0,50.0,743.9950633333334
2CA83190,0.0,799.2307692307693,10.846153846153847,13.0,50.0,841.6456294444444
2DB434F2,0.0,206.91666666666666,1.0833333333333333,12.0,50.0,768.1633880555556
2DD5083E,1.0,118.0,1.1,10.0,50.0,864.6161194444444
2DD53CF3,1.0,1430.0526315789473,19.0,19.0,50.0,887.9642913888889
2DF76AF6,1.0,1632.3076923076924,32.38461538461539,13.0,50.0,338.7189427777777
2E68828A,0.0,1424.9714285714285,7.771428571428571,35.0,50.0,904.5320794444444
2EF54DEF,0.0,630.0,6.5,6.0,50.0,367.11141055555555
2F5D90F5,0.0,596.741935483871,10.903225806451612,31.0,50.0,961.6276894444444
2F5EF2F8,0.0,2125.425,14.4,40.0,50.0,961.2887705555555
2F65DFED,1.0,1799.3846153846155,2.3846153846153846,13.0,50.0,507.91581499999995
2F7B4985,0.0,2356.3684210526317,28.68421052631579,38.0,50.0,957.6835866666667
2F7BF2ED,0.0,2480.925,29.775,40.0,50.0,942.4458930555555
2F87480A,0.0,817.25,2.75,4.0,50.0,647.6774033333332
2FC9C784,0.0,2571.3030303030305,14.575757575757576,33.0,50.0,931.6296080555557
30800DA3,0.0,988.0,4.083333333333333,12.0,50.0,771.4168105555556
30A77FF9,1.0,139.0,2.0,1.0,46.0,0.1297061111111111
31C26AE8,0.0,929.8666666666667,5.133333333333334,15.0,50.0,845.2209705555556
32AC089F,1.0,1642.409090909091,2.6363636363636362,22.0,50.0,921.0187405555556
32FD4DDC,0.0,833.1714285714286,4.6,35.0,50.0,933.33104
332C94E9,0.0,1012.5,17.333333333333332,6.0,50.0,844.9982211111111
33A2D48C,0.0,1757.8461538461538,19.76923076923077,39.0,50.0,954.8936258333333
33DD01EF,0.0,1776.575,22.25,40.0,50.0,939.9043622222222
33E26B07,0.0,4088.829268292683,30.365853658536587,41.0,50.0,963.1930838888889
34613E60,0.0,1741.6666666666667,11.303030303030303,33.0,50.0,960.0118988888889
350273F9,1.0,513.0,5.5,2.0,50.0,1.9515255555555555
3540E9F4,1.0,187.83333333333334,17.333333333333332,6.0,50.0,865.7175466666666
35480800,0.0,1412.121951219512,9.78048780487805,41.0,50.0,961.5069905555556
3589A17C,0.0,2107.6857142857143,20.571428571428573,35.0,50.0,941.3518877777778
3599ADF6,0.0,708.6363636363636,1.0,33.0,50.0,913.8171325000001
35F225F6,1.0,142.0,1.0,1.0,50.0,0.10483472222222222
3682C0ED,1.0,636.0,3.0,1.0,50.0,1.0470991666666667
3720423C,0.0,100.3,1.35,20.0,50.0,837.3017277777778
3791455D,1.0,836.04,5.28,25.0,50.0,887.4773236111112
379198F2,0.0,4640.6,13.425,40.0,50.0,954.6748805555555
37CC20EF,0.0,1798.3846153846155,20.615384615384617,39.0,50.0,913.65036
37D351F7,0.0,8314.615384615385,5.384615384615385,26.0,50.0,936.689653888889
3830DFFA,0.0,931.6666666666666,6.388888888888889,18.0,50.0,914.9774222222222
385C2FF6,1.0,961.3181818181819,6.090909090909091,22.0,50.0,877.2989466666667
39FCEAFA,0.0,1712.4666666666667,4.833333333333333,30.0,50.0,945.5981927777777
3A573450,0.0,3239.243902439024,7.682926829268292,41.0,50.0,963.6725925000001
3AD49CDF,1.0,20.75,1.8333333333333333,12.0,50.0,303.8068063888889
3B6231B5,0.0,1177.4722222222222,4.527777777777778,36.0,50.0,935.1209280555555
3B75E5F7,1.0,1396.1764705882354,1.6470588235294117,17.0,50.0,413.60728305555557
3B786880,0.0,1541.6923076923076,12.512820512820513,39.0,50.0,920.8471033333334
3B99ABB8,1.0,1271.842105263158,8.578947368421053,19.0,50.0,860.0019308333333
3BA396C1,0.0,112.6,3.2,5.0,50.0,221.06667888888887
3C1582F8,0.0,930.2,7.4,25.0,50.0,880.1089205555555
3C75C5EB,1.0,1202.1052631578948,3.736842105263158,19.0,50.0,863.258218611111
3CCC5BF3,0.0,1084.8157894736842,6.447368421052632,38.0,50.0,944.6304205555556
3D35D5F3,0.0,716.3888888888889,7.888888888888889,18.0,50.0,935.9160283333333
3ED760F1,0.0,74.85,2.0,20.0,50.0,521.1672686111111
3EE913EC,0.0,637.7027027027027,10.027027027027026,37.0,50.0,939.1187863888889
3EEAD2F9,1.0,1474.7027027027027,6.918918918918919,37.0,50.0,940.1148522222222
3F5A4DEA,0.0,2264.34375,11.0625,32.0,50.0,949.5707788888889
3FF00193,0.0,1078.75,13.0,4.0,50.0,578.5314405555556
40723AF3,1.0,2038.0,7.444444444444445,27.0,50.0,959.7301897222222
4089E721,0.0,987.8947368421053,10.236842105263158,38.0,50.0,956.8457661111111
40CEDDFB,0.0,817.0,5.0,1.0,50.0,1.3630802777777777
40D4B3DE,0.0,1131.1935483870968,29.129032258064516,31.0,50.0,934.8958569444444
410ACDF2,1.0,4688.621621621622,21.45945945945946,37.0,50.0,960.6493697222222
4170D4AE,0.0,1465.1333333333334,5.066666666666666,15.0,50.0,913.8624102777778
417FFB5E,0.0,1338.3783783783783,8.405405405405405,37.0,50.0,913.2173552777778
41ACBDF1,0.0,353.0,4.666666666666667,6.0,50.0,865.9760319444445
424A36F3,0.0,117.92307692307692,2.0,13.0,50.0,932.9757441666667
42883D7F,0.0,324.75,2.4166666666666665,12.0,50.0,429.6122433333333
42C05DDC,1.0,691.8055555555555,15.444444444444445,36.0,50.0,933.5900858333333
42FA0BF4,0.0,1060.967741935484,9.387096774193548,31.0,50.0,934.6678502777778
432947F9,1.0,2055.5675675675675,17.27027027027027,37.0,50.0,959.2184580555555
43386456,1.0,1333.4705882352941,9.117647058823529,17.0,50.0,847.1421022222222
43687AC1,0.0,4129.714285714285,38.92857142857143,14.0,50.0,900.6515422222222
440618FD,1.0,996.0,1.0,1.0,23.0,1.3695583333333332
4415F1F9,0.0,2584.0,26.074074074074073,27.0,50.0,911.3144069444445
4521DCF5,0.0,1539.4705882352941,23.647058823529413,34.0,50.0,940.7976299999999
452D41F7,0.0,3218.243902439024,17.048780487804876,41.0,50.0,951.9459663888888
4562A8FA,0.0,25.444444444444443,1.1666666666666667,18.0,50.0,760.1202108333333
456915A6,0.0,2938.358974358974,11.128205128205128,39.0,50.0,947.0604797222222
45BB75EA,0.0,2282.7073170731705,7.170731707317073,41.0,50.0,959.9347683333334
45CDECEA,0.0,1941.0,17.38095238095238,21.0,50.0,845.0051247222223
45FC6147,1.0,1639.8,1.6,5.0,37.0,172.9746961111111
46EF9EAC,0.0,1650.8536585365853,12.609756097560975,41.0,50.0,962.7555022222223
47320FE3,0.0,397.6666666666667,2.6666666666666665,3.0,50.0,839.7651341666667
475777F2,0.0,2589.609756097561,35.09756097560975,41.0,50.0,963.302861111111
4778DF95,0.0,3550.0731707317073,36.5609756097561,41.0,50.0,961.2909675
47AFB99A,1.0,3469.676470588235,25.264705882352942,34.0,50.0,957.9316186111112
484DE8EC,0.0,1965.8974358974358,17.05128205128205,39.0,50.0,942.5714200000001
486F2AF8,0.0,208.0,3.0,5.0,50.0,719.5586175
4876D0FE,1.0,813.55,7.7,20.0,50.0,898.7948077777778
49136EFB,0.0,1239.2105263157894,5.315789473684211,19.0,50.0,872.2389411111111
491C52EA,1.0,639.3243243243244,25.81081081081081,37.0,50.0,895.8595300000001
49FC08EF,0.0,1606.8125,5.71875,32.0,50.0,950.6443252777777
49FE7211,0.0,451.8918918918919,3.3783783783783785,37.0,50.0,938.9097266666666
4A2C1CF8,0.0,262.61764705882354,4.088235294117647,34.0,50.0,938.536791111111
4A3EF055,0.0,2415.285714285714,13.571428571428571,28.0,50.0,657.4384294444444
4A74C762,0.0,1690.642857142857,5.607142857142857,28.0,50.0,824.019051111111
4AC720EF,0.0,1691.7058823529412,9.058823529411764,17.0,50.0,806.4343977777778
4B58F6EA,1.0,1313.090909090909,19.681818181818183,22.0,50.0,892.2326594444445
4C392524,0.0,1814.0731707317073,24.658536585365855,41.0,50.0,963.4466830555556
4C638D93,1.0,1431.2222222222222,6.888888888888889,18.0,50.0,933.2514591666667
4CF3F0FF,0.0,1105.1351351351352,4.783783783783784,37.0,50.0,956.7446158333333
4D1AA407,1.0,462.0,2.0,1.0,50.0,0.6948822222222222
4D9E7982,0.0,481.7560975609756,8.707317073170731,41.0,50.0,963.0731438888889
4E3FDBB7,1.0,1721.375,1.625,8.0,38.0,288.6480761111111
4E40CCBE,0.0,1434.3333333333333,11.444444444444445,36.0,50.0,914.7101336111111
4EEDCCF2,0.0,1157.0,18.05,40.0,50.0,961.8138983333333
4EF53015,0.0,1847.04,13.6,25.0,50.0,835.4239027777777
4F3804FA,1.0,36.8,1.0,5.0,50.0,195.68635916666668
4F4E3BEB,0.0,822.0625,6.25,32.0,50.0,932.5644658333333
4F5321F4,1.0,23.0,1.0,1.0,50.0,0.037905
4F5E350A,0.0,1893.962962962963,3.6666666666666665,27.0,50.0,718.2909561111111
4F6A76FA,1.0,1591.6944444444443,6.638888888888889,36.0,50.0,891.1097391666667
4F7CB9F6,0.0,4917.0,40.048780487804876,41.0,50.0,964.2899288888889
5016B1EC,0.0,116.13793103448276,4.103448275862069,29.0,50.0,915.1202747222222
507267EA,1.0,797.125,9.125,32.0,50.0,924.9379241666666
5076CB20,0.0,1098.1666666666667,1.6666666666666667,18.0,50.0,502.65167861111115
5109967C,1.0,1970.4285714285713,2.857142857142857,21.0,50.0,554.7290008333333
512119F8,0.0,3745.275,28.975,40.0,50.0,947.2810216666667
516433F4,0.0,23.5,1.0,2.0,50.0,481.7465347222222
517F15FF,0.0,3767.9411764705883,9.852941176470589,34.0,50.0,915.99819
519966E1,0.0,2417.2631578947367,31.526315789473685,38.0,50.0,941.6093249999999
51B787F4,1.0,319.0,1.0,1.0,50.0,0.4994352777777778
51D078EF,0.0,1401.3333333333333,15.333333333333334,3.0,50.0,436.2399786111111
52330D22,0.0,2032.7142857142858,2.857142857142857,21.0,50.0,627.8098425000001
526216F7,0.0,801.8974358974359,14.384615384615385,39.0,50.0,959.1414647222223
52E567F1,1.0,60.90909090909091,4.0,11.0,50.0,387.73743055555553
532EB3EE,0.0,382.1111111111111,4.805555555555555,36.0,50.0,932.8444847222222
53526C7C,0.0,2335.90625,8.25,32.0,50.0,928.0542572222222
540CE10B,0.0,3080.3846153846152,32.19230769230769,26.0,50.0,871.086253611111
543930F9,0.0,332.44827586206895,22.103448275862068,29.0,50.0,957.9939152777779
54691612,0.0,1108.44,5.16,25.0,50.0,885.0327594444444
54AE5CF6,0.0,2249.823529411765,7.176470588235294,17.0,50.0,585.9207902777779
54E7C0F4,0.0,2506.470588235294,38.8235294117647,34.0,50.0,958.5541061111112
5516CEF3,1.0,1374.6,14.4,25.0,50.0,942.9543916666667
554A34EB,0.0,306.54545454545456,3.272727272727273,11.0,50.0,879.9813936111111
563308F5,0.0,3610.0,22.15,40.0,50.0,955.0841880555556
563D71F3,1.0,570.2857142857143,6.380952380952381,21.0,50.0,906.6231333333333
571E06F3,0.0,2780.0,13.636363636363637,11.0,50.0,287.28191305555555
5749ACEC,0.0,885.2432432432432,4.135135135135135,37.0,50.0,959.7038363888889
57AAC7E5,0.0,779.1,5.1,10.0,50.0,410.77023083333336
57BB99F3,0.0,1386.7575757575758,3.757575757575758,33.0,50.0,937.9458308333333
57D4ECEA,0.0,1771.6666666666667,5.0,3.0,50.0,32.38811305555556
57DA10B2,0.0,1495.5,4.4,10.0,50.0,581.5051902777778
57E8BE61,0.0,1625.2631578947369,7.526315789473684,38.0,50.0,948.4973211111112
5856FBFE,0.0,2737.170731707317,11.463414634146341,41.0,50.0,961.3795613888889
596CE269,0.0,1228.0555555555557,10.194444444444445,36.0,50.0,934.8857338888889
5978A970,1.0,218.04,2.92,25.0,50.0,817.2592563888888
59D5F9FD,0.0,864.1304347826087,8.608695652173912,23.0,50.0,897.0168344444444
5A0DD090,1.0,3480.8,5.6,5.0,44.0,935.2117488888889
5A5FF9EF,0.0,289.525,4.4,40.0,50.0,951.1241480555556
5A8BA5F3,1.0,1620.0,6.857142857142857,14.0,50.0,348.51065916666664
5AE72CD1,1.0,613.8260869565217,4.217391304347826,23.0,50.0,905.9887825000001
5B6F80F6,0.0,59.371428571428574,3.2857142857142856,35.0,50.0,883.2034105555556
5C4ED224,0.0,1745.025641025641,9.923076923076923,39.0,50.0,961.0219669444443
5C5234DE,0.0,4820.45,28.2,20.0,50.0,961.5573313888889
5C841AAF,0.0,2279.457142857143,14.057142857142857,35.0,50.0,909.2928908333333
5C9C2D2D,1.0,4240.8,2.6,5.0,39.0,78.74100583333333
5CBFBFFE,1.0,1389.6296296296296,10.666666666666666,27.0,50.0,761.0807466666666
5D394BB8,1.0,404.2916666666667,3.9166666666666665,24.0,50.0,876.6434511111112
5D6311EE,0.0,2219.3714285714286,13.371428571428572,35.0,50.0,963.4655133333334
5D79250A,1.0,1204.9142857142858,12.771428571428572,35.0,50.0,829.2253491666668
5DB40470,0.0,1568.8076923076924,8.423076923076923,26.0,50.0,945.8010408333333
5DC48300,0.0,566.6875,2.78125,32.0,50.0,935.8266630555556
5DCCBFFE,0.0,2904.28125,21.84375,32.0,50.0,958.0213280555555
5E6225CA,1.0,1071.1818181818182,15.363636363636363,33.0,50.0,929.4784386111112
5E9F490C,1.0,57.0,1.0,1.0,50.0,0.13994583333333332
5ECA90ED,0.0,1483.75,6.5,36.0,50.0,959.9976086111111
5ECC9E5F,0.0,1793.225806451613,9.709677419354838,31.0,50.0,953.2209991666667
5FD44E60,1.0,486.5,1.0,2.0,45.0,385.12710416666664
5FF678ED,0.0,801.5757575757576,22.515151515151516,33.0,50.0,791.1137533333333
60036BE3,0.0,908.0,5.0,3.0,50.0,50.78438166666667
6022B0FF,1.0,99.19047619047619,3.7142857142857144,21.0,50.0,884.6728619444444
6061CFF2,0.0,2226.9333333333334,21.666666666666668,15.0,50.0,901.030318611111
612ABCDA,0.0,1241.0,6.142857142857143,21.0,50.0,841.8514452777779
617E1AFD,0.0,1944.9166666666667,31.166666666666668,36.0,50.0,935.3375108333333
61C348F3,0.0,1660.7777777777778,18.944444444444443,36.0,50.0,937.8763969444444
61FE6B5F,0.0,3814.0588235294117,40.6764705882353,34.0,50.0,894.8905149999999
623BC8F2,1.0,1386.6666666666667,7.0,3.0,50.0,693.965648888889
62541DD1,0.0,2050.5263157894738,10.0,38.0,50.0,959.8760577777779
628CE465,0.0,1722.6,14.4,25.0,50.0,939.3816988888889
62F34DEF,1.0,649.0,1.5,2.0,50.0,119.52788083333333
631AF6EC,0.0,2603.0526315789475,16.94736842105263,38.0,50.0,939.582765
63253193,0.0,1033.3333333333333,1.0,3.0,21.0,356.70664166666666
63732C34,0.0,50.473684210526315,1.2105263157894737,19.0,50.0,905.3169125
63D062EA,0.0,2025.4285714285713,14.095238095238095,21.0,50.0,513.6402288888889
646D69EE,0.0,1397.8108108108108,12.432432432432432,37.0,50.0,892.6887627777778
655386C3,0.0,1712.5555555555557,7.416666666666667,36.0,50.0,938.1671058333333
65694F5F,0.0,3688.756097560976,26.317073170731707,41.0,50.0,947.6895244444445
66AB80D5,1.0,3195.6875,15.5,16.0,50.0,946.4146313888889
66BA1BFC,0.0,845.9642857142857,2.857142857142857,28.0,50.0,926.9127594444444
67726CF3,0.0,2315.55,6.15,40.0,50.0,960.5382808333334
67D040EA,0.0,394.06451612903226,9.709677419354838,31.0,50.0,928.6001766666667
67E044EB,0.0,905.9,5.775,40.0,50.0,939.8862708333334
682BD460,0.0,1809.0,4.161290322580645,31.0,50.0,962.5936905555556
68A42EF3,0.0,499.0,1.0,10.0,50.0,936.0427336111111
68CA8005,0.0,372.2,3.4,5.0,50.0,842.9588677777778
68D75E9E,1.0,85.92307692307692,2.0,13.0,50.0,660.9686894444445
68FB9FFB,1.0,81.0,2.0,5.0,50.0,165.00795277777777
6915CDE1,0.0,3005.609756097561,37.19512195121951,41.0,50.0,964.8094058333334
6937ECF0,0.0,598.0,5.0,1.0,50.0,0.6076294444444444
69490FEC,1.0,489.8333333333333,2.5,18.0,50.0,718.0627755555556
698064F0,1.0,401.2857142857143,4.678571428571429,28.0,50.0,906.2943325
6983C3F2,0.0,1043.1724137931035,7.241379310344827,29.0,50.0,911.0828069444444
6985C63C,0.0,3582.45,25.175,40.0,50.0,938.7243011111111
69B8A703,0.0,17.666666666666668,1.6666666666666667,3.0,50.0,796.4782372222222
69DF83EC,0.0,1360.6,16.52,25.0,50.0,841.8627541666667
6A9FB7F2,1.0,70.94117647058823,2.5294117647058822,17.0,50.0,944.6910294444443
6BA373F3,0.0,1611.388888888889,13.472222222222221,36.0,50.0,936.9864783333334
6BDFF66D,0.0,2422.0,14.571428571428571,14.0,50.0,872.2157927777778
6BE34CCC,0.0,635.8965517241379,3.4827586206896552,29.0,50.0,949.8131597222222
6BFA71D2,0.0,1453.32,2.32,25.0,50.0,842.9617313888889
6C5FB51E,0.0,1068.2857142857142,11.4,35.0,50.0,915.2115841666667
6CB5183C,0.0,2843.8947368421054,36.86842105263158,38.0,50.0,958.8382205555556
6CC082EB,0.0,1643.2105263157894,26.605263157894736,38.0,50.0,940.5945302777777
6D8277FB,0.0,19.59090909090909,1.0909090909090908,22.0,50.0,901.8911088888889
6E24BAD0,0.0,788.3,4.7,10.0,50.0,898.9652883333334
6E83D3BB,0.0,2446.102564102564,23.897435897435898,39.0,50.0,959.0781894444444
6E89CF06,1.0,363.2692307692308,3.1538461538461537,26.0,50.0,935.7431472222222
6ED5F41C,0.0,3123.057142857143,19.542857142857144,35.0,50.0,943.8392966666667
6F613F4A,1.0,1385.7,13.425,40.0,50.0,959.5120338888889
6F8EA4F2,0.0,1033.0,3.8,40.0,50.0,947.4010141666666
6F9616F5,0.0,1030.0434782608695,8.695652173913043,23.0,50.0,905.2479858333332
6F9FCDEC,0.0,421.40909090909093,2.409090909090909,22.0,50.0,863.45467
6FA89CF8,0.0,1841.7058823529412,17.235294117647058,34.0,50.0,940.6573713888889
6FEF893E,0.0,1099.5555555555557,9.5,18.0,50.0,868.2398291666666
704AA6ED,0.0,1590.3478260869565,5.3478260869565215,23.0,50.0,866.9465055555555
707ECE84,1.0,17.0,1.0,1.0,1.0,0.07735444444444445
70F636FD,1.0,33.714285714285715,1.5,14.0,50.0,433.1749594444445
712B2BFD,0.0,497.77777777777777,10.666666666666666,9.0,50.0,844.6828277777778
717B703B,0.0,4133.128205128205,53.23076923076923,39.0,50.0,943.2068411111111
7185C609,0.0,1522.3636363636363,4.409090909090909,22.0,50.0,866.3539824999999
71DA3037,0.0,817.7272727272727,7.7272727272727275,33.0,50.0,884.3225897222222
7247ADC9,1.0,154.66666666666666,1.2222222222222223,9.0,50.0,761.7208658333334
725011EE,0.0,819.1666666666666,3.9,30.0,50.0,953.8187488888889
725BAAD1,1.0,20.944444444444443,1.1666666666666667,18.0,46.0,595.1869869444445
7261E5F7,0.0,866.4,3.0,5.0,50.0,787.5991391666666
727888FC,1.0,882.0,6.645161290322581,31.0,50.0,918.0094902777778
727A08FE,0.0,732.421052631579,6.684210526315789,19.0,50.0,907.3099380555554
72CC3A53,0.0,3319.9756097560976,17.21951219512195,41.0,50.0,959.8749991666666
73C062EA,1.0,64.88888888888889,1.2777777777777777,18.0,50.0,858.8861816666667
745743EE,1.0,191.88888888888889,1.7777777777777777,9.0,50.0,807.3563019444445
74F708EF,1.0,83.0,1.0,1.0,50.0,0.09852361111111112
75292929,0.0,3531.0,29.916666666666668,36.0,50.0,848.4303902777777
7548A25D,0.0,76.5,0.5,2.0,7.0,0.29621277777777777
75752200,1.0,1648.0,2.0,2.0,31.0,3.7745630555555554
7580564E,0.0,1039.7692307692307,8.153846153846153,26.0,50.0,902.8663672222222
75BD0DFA,1.0,91.11111111111111,2.5555555555555554,9.0,50.0,647.2938205555556
76710DF1,0.0,2720.0,6.717948717948718,39.0,50.0,942.8258577777777
76D0C6CF,0.0,2016.1515151515152,10.93939393939394,33.0,50.0,962.1397861111111
76ED25FE,0.0,905.3142857142857,18.085714285714285,35.0,50.0,938.6389486111111
77373BEA,1.0,228.25,1.75,4.0,50.0,796.7898466666667
77E406E2,0.0,954.4,5.2,5.0,50.0,806.5323744444445
7863BFFE,1.0,911.9714285714285,12.542857142857143,35.0,50.0,936.4218677777777
78B333A4,0.0,3206.972222222222,16.555555555555557,36.0,50.0,873.1889713888888
7923547D,1.0,1603.3225806451612,9.161290322580646,31.0,50.0,959.6752783333333
795A11EE,1.0,111.05263157894737,2.473684210526316,19.0,50.0,898.9107200000001
796E11EE,0.0,2063.5,5.791666666666667,24.0,50.0,944.5256286111111
7A316CF5,1.0,91.9,1.5,20.0,50.0,894.8860111111112
7A8932F0,0.0,1375.0,6.0,1.0,50.0,2.8301327777777776
7AE395CF,0.0,705.8260869565217,5.956521739130435,23.0,50.0,946.4189430555555
7AE98AFD,0.0,97.84615384615384,1.8461538461538463,13.0,50.0,885.9892055555556
7B3B71F3,0.0,1989.0526315789473,9.526315789473685,38.0,50.0,938.7359533333333
7B95167A,0.0,504.8888888888889,4.555555555555555,27.0,50.0,947.6105208333333
7BAD3C39,0.0,1926.5357142857142,8.857142857142858,28.0,50.0,938.9760419444445
7BE2EBF2,1.0,23.956521739130434,1.434782608695652,23.0,50.0,918.7671688888889
7BE31E8A,1.0,95.81818181818181,1.6363636363636365,11.0,50.0,938.2780911111112
7CD91FF7,0.0,1865.8461538461538,11.512820512820513,39.0,50.0,940.09555
7DE6880C,1.0,203.25,1.25,16.0,50.0,460.50918222222225
7E64E364,0.0,2692.4333333333334,16.066666666666666,30.0,50.0,899.0995869444444
7EE5404F,1.0,1735.0714285714287,2.142857142857143,14.0,50.0,746.4706163888889
7F0CB6EA,0.0,176.3125,4.75,16.0,50.0,857.7904602777778
7F0F64FF,0.0,3486.4,11.5,20.0,50.0,433.0935261111111
7F2F7EC2,0.0,2152.5454545454545,2.1818181818181817,11.0,50.0,306.0868111111111
7F4B2D01,0.0,2071.025641025641,32.07692307692308,39.0,50.0,947.8492983333333
7F85ACBD,0.0,2018.948717948718,12.128205128205128,39.0,50.0,939.4199327777777
7F8D29B5,1.0,1281.5333333333333,2.3333333333333335,15.0,44.0,820.8056008333334
7F8E67EA,0.0,1283.5555555555557,12.666666666666666,27.0,50.0,945.4963283333334
7FE3D6F9,0.0,2693.657894736842,18.5,38.0,50.0,957.0899002777777
80A3CEF8,1.0,1379.825,5.425,40.0,50.0,942.3191516666667
80CCB4EB,0.0,2825.7272727272725,7.363636363636363,11.0,50.0,434.02717333333334
81107AF9,0.0,1228.1025641025642,15.435897435897436,39.0,50.0,940.8204077777777
815255ED,1.0,62.63636363636363,1.5454545454545454,11.0,50.0,277.00126222222224
823E9BDA,0.0,1091.5185185185185,9.0,27.0,50.0,933.057416111111
82854DD8,0.0,5926.8421052631575,11.131578947368421,38.0,50.0,948.3878108333333
82B47FF1,0.0,1487.7368421052631,6.105263157894737,19.0,50.0,913.2837761111111
82B91549,0.0,2505.512195121951,25.073170731707318,41.0,50.0,961.3227872222222
82BF82EB,0.0,575.5675675675676,8.864864864864865,37.0,50.0,932.9885619444444
83061EC1,0.0,1447.5555555555557,16.666666666666668,9.0,50.0,813.3683102777777
830632F4,1.0,1524.4,8.9,10.0,50.0,789.4206291666667
8336DCEA,0.0,665.9,3.066666666666667,30.0,50.0,913.6704083333334
835484F3,0.0,8364.560975609756,8.707317073170731,41.0,50.0,964.9680177777778
836D46FE,0.0,486.79487179487177,4.871794871794871,39.0,50.0,939.3028505555556
8389C4FE,1.0,276.3636363636364,2.727272727272727,11.0,50.0,546.5594686111111
84019685,0.0,369.6,1.4,5.0,50.0,913.9162597222222
8442911E,0.0,5952.666666666667,5.222222222222222,9.0,50.0,237.88844
853CE5EE,0.0,749.4545454545455,8.06060606060606,33.0,50.0,938.0256977777779
85AFFCCD,0.0,3558.4,25.2,40.0,50.0,954.9790622222222
86FC11E4,1.0,141.0,5.666666666666667,3.0,50.0,670.7971377777777
8713AAF5,1.0,1076.1,7.9,10.0,50.0,430.1898852777778
87C14AE3,0.0,1350.6206896551723,42.689655172413794,29.0,50.0,862.9192744444443
8840FE3C,1.0,21.923076923076923,1.5384615384615385,13.0,50.0,302.21498
88553DEF,1.0,296.42857142857144,2.7142857142857144,7.0,50.0,264.49669777777774
88EEB6F8,0.0,1606.7297297297298,11.486486486486486,37.0,50.0,958.8887513888889
8974732C,0.0,4608.756097560976,6.585365853658536,41.0,50.0,960.5492830555556
89BA6CF9,0.0,996.2068965517242,6.551724137931035,29.0,50.0,935.7718408333333
89D73012,0.0,4446.425,32.625,40.0,50.0,961.4504088888889
8A1588FB,1.0,1107.5714285714287,2.142857142857143,7.0,50.0,264.25914166666666
8AAB5FF0,0.0,1064.625,3.5,16.0,50.0,838.4735902777777
8AF3DBAC,0.0,255.64,4.0,25.0,50.0,881.1923961111112
8B3B7BFA,1.0,1863.1875,10.9375,16.0,50.0,601.7323572222223
8B67F4FC,0.0,795.3076923076923,6.564102564102564,39.0,50.0,950.6094230555556
8B8FB1F3,0.0,1137.1081081081081,10.027027027027026,37.0,50.0,889.6559474999999
8BA5A8ED,1.0,1163.2432432432433,12.297297297297296,37.0,50.0,959.9751466666667
8C12D6EB,1.0,2923.5,1.9,10.0,50.0,294.701075
8C644EAE,1.0,1101.304347826087,8.173913043478262,23.0,50.0,913.3161722222222
8CD3E917,0.0,955.75,3.4375,16.0,50.0,917.7246527777778
8D0B3F00,1.0,824.2222222222222,1.7222222222222223,18.0,41.0,937.9260733333333
8D4918F0,1.0,228.125,4.708333333333333,24.0,50.0,932.5750305555555
8D5A0A06,0.0,1693.448275862069,2.4482758620689653,29.0,50.0,919.6628188888889
8D799BEE,1.0,2383.2083333333335,5.416666666666667,24.0,50.0,601.1492930555556
8DCCECF5,1.0,972.0,9.333333333333334,3.0,50.0,655.5954502777777
8F01B8CE,1.0,653.5714285714286,5.714285714285714,7.0,43.0,487.7106611111111
8F47BAF2,0.0,1311.5714285714287,6.25,28.0,50.0,940.9608622222222
8FD176EB,1.0,2511.6060606060605,32.03030303030303,33.0,50.0,924.0686547222223
8FD4C304,0.0,1519.625,2.5,8.0,47.0,457.8809097222222
90A503BA,0.0,1903.5,13.875,16.0,50.0,832.5754350000001
90B6CA12,1.0,1834.6363636363637,10.272727272727273,11.0,50.0,302.3933758333333
911C9F38,0.0,772.0833333333334,5.958333333333333,24.0,50.0,962.1562616666666
918DD8EF,1.0,440.1666666666667,3.888888888888889,36.0,50.0,943.0995888888889
91BF8882,0.0,2348.2727272727275,9.636363636363637,33.0,50.0,867.5699361111111
91F931F4,0.0,5268.85,34.45,40.0,50.0,950.6543530555556
9303283F,1.0,348.46153846153845,2.5384615384615383,13.0,50.0,404.7681211111111
932C5135,0.0,2197.75,43.90625,32.0,50.0,942.5657641666667
93A3E2A6,1.0,4434.0,5.25,4.0,50.0,136.77883888888888
93BE5E99,0.0,181.28947368421052,5.605263157894737,38.0,50.0,916.8978755555555
93C7BDFD,0.0,1403.75,9.88888888888889,36.0,50.0,961.4725494444444
93E027FA,0.0,1582.0,23.565217391304348,23.0,50.0,892.0845333333333
943B19BD,0.0,2720.7894736842104,13.526315789473685,38.0,50.0,956.6354891666666
943FB818,0.0,967.3870967741935,5.516129032258065,31.0,50.0,914.5464102777778
943FC688,0.0,3868.0731707317073,17.75609756097561,41.0,50.0,964.8550991666666
947644F5,0.0,1281.576923076923,11.23076923076923,26.0,50.0,936.2514722222222
9499CFF0,0.0,59.05263157894737,1.0526315789473684,19.0,50.0,927.1504913888889
94AADD44,0.0,796.8,7.3,30.0,50.0,937.0357224999999
9559AF0E,0.0,846.1428571428571,12.428571428571429,7.0,50.0,847.6690522222223
959B7BCF,0.0,1658.0555555555557,28.02777777777778,36.0,50.0,921.237981111111
9632A56C,1.0,837.5,4.0,4.0,50.0,881.9117811111112
9681C4F3,1.0,650.3,7.2,10.0,50.0,217.67101055555557
96947DB1,1.0,2553.8571428571427,12.25,28.0,50.0,720.2020741666668
972318C2,1.0,1630.25,2.8333333333333335,36.0,50.0,960.4887491666667
97295262,1.0,6.0,1.0,1.0,50.0,0.03718777777777778
9761BE5A,0.0,2320.740740740741,12.148148148148149,27.0,50.0,917.9813011111111
979798C1,0.0,385.27272727272725,11.272727272727273,33.0,50.0,869.4021894444445
9818E6FC,0.0,1361.8285714285714,10.628571428571428,35.0,50.0,931.7517038888889
9822722E,0.0,695.8571428571429,6.142857142857143,14.0,50.0,917.9498791666666
98228E61,0.0,1056.8235294117646,13.294117647058824,17.0,50.0,858.3574491666666
982AF8C7,0.0,2949.0,12.6,15.0,50.0,337.893755
986F7FE1,0.0,3468.625,38.71875,32.0,50.0,963.4597188888889
98B47857,0.0,2296.4117647058824,19.470588235294116,17.0,50.0,932.2440202777778
98C0C480,0.0,7843.5,7.8,30.0,50.0,959.7406263888888
98F204C9,0.0,2097.8888888888887,17.805555555555557,36.0,50.0,955.81268
991E644B,0.0,1562.0277777777778,10.277777777777779,36.0,50.0,911.317555
998C514C,0.0,1311.6363636363637,6.0,22.0,50.0,846.2014591666667
9ABD953D,0.0,1474.25,2.6666666666666665,12.0,50.0,439.2479680555556
9B5D19F1,1.0,931.8333333333334,6.166666666666667,12.0,50.0,414.33922027777777
9B9162EC,0.0,1213.590909090909,8.863636363636363,22.0,50.0,862.9088183333333
9BD6BDEF,0.0,235.0,0.8,5.0,50.0,817.916836111111
9C1613FF,0.0,4350.25,55.892857142857146,28.0,50.0,635.8839194444444
9C319055,0.0,360.75,3.5,32.0,50.0,889.9025166666667
9C69E4E2,1.0,1369.6666666666667,4.666666666666667,6.0,24.0,128.825545
9C89C4FE,1.0,2191.8275862068967,17.310344827586206,29.0,50.0,842.7405622222223
9D0737FD,1.0,1293.888888888889,1.5555555555555556,9.0,50.0,370.4266838888889
9D3F2CFE,1.0,1147.7142857142858,5.142857142857143,7.0,50.0,872.3864788888889
9DC18F32,0.0,760.2105263157895,3.6315789473684212,38.0,50.0,921.1251669444443
9DEC115D,0.0,5561.775,21.25,40.0,50.0,959.1727633333333
9E56E2FD,0.0,1543.4583333333333,14.166666666666666,24.0,50.0,934.9508941666667
9EA579CF,1.0,217.66666666666666,5.666666666666667,3.0,50.0,652.4587644444445
9F295947,1.0,44.36363636363637,3.9545454545454546,22.0,16.0,809.5100094444444
9F53B4FA,1.0,548.9090909090909,3.272727272727273,11.0,50.0,887.6355938888888
9FA3E7F9,1.0,175.5909090909091,3.590909090909091,22.0,50.0,831.0942563888889
9FA8D6FB,1.0,1242.5625,9.6875,32.0,50.0,922.8132805555556
9FB2A220,0.0,3941.825,31.975,40.0,50.0,943.5505588888889
A03B2678,1.0,17.428571428571427,1.5714285714285714,7.0,50.0,886.9455219444445
A040DEF7,0.0,1418.6470588235295,10.941176470588236,34.0,50.0,941.7894766666667
A04C75F9,0.0,1451.7142857142858,1.380952380952381,21.0,50.0,911.8026988888889
A05E147F,0.0,2453.2,17.75,20.0,50.0,919.116325
A0D19BFD,1.0,81.38888888888889,1.3333333333333333,18.0,50.0,918.145886111111
A10145F8,1.0,114.22222222222223,7.444444444444445,18.0,50.0,919.3622377777778
A108C7AF,1.0,1661.5,9.6,20.0,50.0,588.59267
A22CE5EE,0.0,2079.0882352941176,11.970588235294118,34.0,50.0,925.4046811111111
A282D3F8,0.0,802.6,8.12,25.0,50.0,936.0956638888889
A33803F7,0.0,476.35,3.25,20.0,50.0,903.8891119444444
A3C08041,1.0,2308.133333333333,15.666666666666666,15.0,50.0,845.4777333333333
A4366BF4,0.0,2750.170731707317,5.853658536585366,41.0,50.0,948.2168366666667
A474B0F2,0.0,2105.0789473684213,37.94736842105263,38.0,50.0,962.5912388888888
A4A4ECA9,0.0,2778.68,16.88,25.0,50.0,868.2023430555556
A4E3C3F9,0.0,2401.0,10.166666666666666,6.0,50.0,113.9992988888889
A5064280,0.0,3008.5,11.975,40.0,50.0,959.1575200000001
A515760C,0.0,534.0,4.305555555555555,36.0,50.0,938.9634041666667
A54E97F3,0.0,1138.1,10.175,40.0,50.0,960.9913411111112
A5DDA45F,0.0,2731.4285714285716,11.571428571428571,14.0,50.0,465.18784055555557
A67C7AEA,0.0,2384.7727272727275,5.636363636363637,22.0,50.0,506.3120277777778
A67E7FF3,0.0,285.88235294117646,4.176470588235294,17.0,50.0,935.762696111111
A6A8849C,1.0,1137.2142857142858,1.0714285714285714,14.0,46.0,773.2625233333333
A6F6E81F,0.0,683.8823529411765,4.529411764705882,17.0,50.0,964.9696883333334
A73BD0EA,0.0,1240.7142857142858,61.0,14.0,50.0,840.6201605555556
A8503B4D,0.0,756.5882352941177,6.352941176470588,17.0,50.0,865.8223361111111
A87A9EFE,0.0,1013.8461538461538,17.666666666666668,39.0,50.0,958.8346674999999
A88092F3,1.0,1694.0714285714287,4.035714285714286,28.0,50.0,648.7222027777779
A89E1A96,0.0,2205.6052631578946,21.36842105263158,38.0,50.0,939.8715222222222
A8CCE8CE,0.0,112.4,1.5,10.0,50.0,959.7031338888889
A91FCAF6,0.0,884.2142857142857,7.142857142857143,14.0,50.0,691.0061977777777
A9E83B05,1.0,628.551724137931,9.275862068965518,29.0,50.0,946.7622702777778
AA5B03F7,0.0,19.875,1.5,8.0,50.0,282.0517488888889
AAAA852B,0.0,3234.4333333333334,68.86666666666666,30.0,50.0,942.7104397222223
AB2EBEF6,0.0,662.925925925926,7.074074074074074,27.0,50.0,940.7411549999999
AB9CEDF8,1.0,797.421052631579,3.8421052631578947,19.0,50.0,937.0759991666666
AC1189FE,1.0,2402.0833333333335,3.0833333333333335,12.0,50.0,504.9776244444445
AC67FCE4,0.0,3248.525,53.65,40.0,50.0,938.0579313888888
AC9AC4F3,0.0,1508.6410256410256,10.846153846153847,39.0,50.0,959.3971272222221
ACF8D0F9,1.0,1557.5714285714287,9.857142857142858,28.0,50.0,962.2785025000001
ADA879F2,0.0,1313.8125,11.34375,32.0,50.0,948.9893533333333
ADFC09FB,0.0,1566.923076923077,11.564102564102564,39.0,50.0,959.5909208333334
AE3574F8,0.0,632.5,8.25,4.0,50.0,528.3397325
AF1C9680,0.0,1743.7619047619048,7.333333333333333,21.0,50.0,834.7349152777778
AF2E81EE,0.0,2336.3658536585367,4.390243902439025,41.0,50.0,950.1375030555555
AF70FBF1,0.0,1808.7105263157894,7.552631578947368,38.0,50.0,942.615143888889
AFC654CE,1.0,4212.5,2.5,6.0,47.0,222.9805697222222
AFD057CC,1.0,150.5,6.666666666666667,6.0,50.0,522.2908663888888
B05D9510,0.0,3542.170731707317,24.4390243902439,41.0,50.0,963.4863161111111
B080C50F,0.0,5654.25,46.0,28.0,50.0,955.4950363888889
B2AA2376,0.0,242.13333333333333,2.8666666666666667,15.0,50.0,758.7869230555556
B2B57F3A,0.0,1384.0833333333333,5.75,12.0,50.0,822.2922358333334
B4A8C968,1.0,56.285714285714285,1.7142857142857142,7.0,50.0,660.3258763888888
B4EF24D2,0.0,3194.3333333333335,27.88888888888889,9.0,50.0,176.7748261111111
B519ECCC,0.0,1017.5,4.25,16.0,50.0,679.7466108333334
B5AE52EF,1.0,9072.25641025641,10.974358974358974,39.0,50.0,914.30422
B5EA7425,1.0,3076.189189189189,23.0,37.0,50.0,928.0000205555556
B7ACDEFE,1.0,1645.64,7.36,25.0,50.0,939.8686175
B7FB2B00,0.0,195.84615384615384,3.0,26.0,50.0,921.2898280555555
B830D7B7,0.0,1344.0689655172414,18.96551724137931,29.0,50.0,939.2369819444444
B8BFF172,1.0,2006.6,7.8,5.0,50.0,93.49334666666667
B8CFD1C5,0.0,1612.2068965517242,16.03448275862069,29.0,50.0,930.211045
B91FB73C,0.0,2310.641025641026,17.923076923076923,39.0,50.0,943.1795780555556
B9C552EF,0.0,342.0,1.3333333333333333,6.0,50.0,885.2300633333334
B9EC9C94,0.0,2608.5454545454545,16.03030303030303,33.0,50.0,964.5041272222222
BA231A50,1.0,3114.9166666666665,2.0,12.0,50.0,353.59234000000004
BA2A985B,0.0,2146.9411764705883,13.794117647058824,34.0,50.0,891.4875397222222
BA3FEEFD,0.0,119.5,2.75,4.0,50.0,331.59367888888886
BA5D9389,0.0,2297.222222222222,13.777777777777779,36.0,50.0,941.0268641666667
BC03F621,0.0,2380.7,1.1,10.0,44.0,271.05798805555554
BD42D52B,1.0,3028.0,8.0,6.0,50.0,817.8252497222222
BDA53000,0.0,878.5833333333334,3.4166666666666665,24.0,50.0,867.5930008333332
BE428434,1.0,1496.6764705882354,10.411764705882353,34.0,50.0,870.4274794444444
BE66F6EA,0.0,1606.5185185185185,6.703703703703703,27.0,50.0,960.6425030555555
BE794AA6,1.0,1421.076923076923,8.846153846153847,39.0,50.0,937.88052
BEE094C3,0.0,1728.3055555555557,14.444444444444445,36.0,50.0,921.2126149999999
BF12FEAD,1.0,288.0,8.0,2.0,50.0,312.2746763888889
BF2A1E84,1.0,23.647058823529413,1.1764705882352942,17.0,50.0,455.42237527777775
BF6FCBEA,0.0,1376.2682926829268,12.195121951219512,41.0,50.0,941.1110291666666
BFF591EE,0.0,1507.948717948718,8.692307692307692,39.0,50.0,944.7310266666667
C0099A63,0.0,1532.179487179487,9.128205128205128,39.0,50.0,951.0643308333333
C01123EF,0.0,1496.8974358974358,13.128205128205128,39.0,50.0,922.8251274999999
C02D51FD,1.0,1313.1515151515152,11.272727272727273,33.0,50.0,941.1021277777778
C0930FD3,0.0,1030.1612903225807,5.387096774193548,31.0,50.0,913.9013647222223
C0992B27,0.0,1362.5277777777778,17.5,36.0,50.0,946.4004838888889
C11202ED,0.0,909.1764705882352,5.0588235294117645,34.0,50.0,932.146865
C11E1001,1.0,863.7,7.05,20.0,50.0,857.6945594444444
C1448A8B,0.0,1541.037037037037,10.592592592592593,27.0,50.0,943.6144494444445
C210FEFA,0.0,617.0,4.166666666666667,24.0,50.0,895.4951222222222
C22887EF,0.0,1485.125,7.791666666666667,24.0,50.0,876.6627516666666
C256161E,1.0,964.75,6.0,20.0,50.0,885.6755072222222
C271F0FF,0.0,262.6470588235294,2.0588235294117645,17.0,50.0,937.1139222222223
C2A2C0EB,0.0,2780.4242424242425,51.484848484848484,33.0,50.0,854.8055827777779
C32761ED,0.0,280.125,3.4583333333333335,24.0,50.0,888.967491111111
C359500F,0.0,2553.8947368421054,13.447368421052632,38.0,50.0,935.3640336111112
C36AA0F7,1.0,205.57142857142858,14.0,7.0,50.0,860.966436388889
C3BCB13C,1.0,1146.888888888889,5.555555555555555,9.0,50.0,190.71265777777776
C3C9ABFB,0.0,1030.6285714285714,9.457142857142857,35.0,50.0,912.1106116666667
C3CE65EF,0.0,1214.8918918918919,11.135135135135135,37.0,50.0,937.4323586111111
C3D561FD,0.0,2584.25,6.375,8.0,50.0,223.2419836111111
C41F9AEF,0.0,2430.7948717948716,11.512820512820513,39.0,50.0,944.6459686111111
C433EECA,0.0,1022.1111111111111,6.0,9.0,50.0,673.834981388889
C48DD9EC,0.0,1032.1463414634147,2.4634146341463414,41.0,50.0,961.7674711111111
C52FC8F2,0.0,4931.4,17.0,35.0,50.0,952.61461
C534A3F3,0.0,2828.5641025641025,10.179487179487179,39.0,50.0,950.086085
C66F96F0,0.0,1637.6857142857143,16.37142857142857,35.0,50.0,946.4928197222223
C6B69A44,0.0,3037.243902439024,20.048780487804876,41.0,50.0,950.6222602777779
C710B810,0.0,1226.047619047619,7.571428571428571,21.0,50.0,909.4724466666668
C71523DD,0.0,1834.361111111111,5.555555555555555,36.0,50.0,875.8401622222221
C799DCFC,0.0,2240.3684210526317,13.868421052631579,38.0,50.0,964.4693611111112
C7B4D502,1.0,443.75,4.0,4.0,50.0,699.9143766666667
C7E8ADC4,0.0,2178.5652173913045,25.82608695652174,23.0,50.0,947.919495
C7ED1BCB,1.0,2130.3571428571427,10.928571428571429,14.0,50.0,330.9803361111111
C84A8BAD,0.0,411.23809523809524,6.333333333333333,21.0,50.0,938.7655322222223
C86624EE,0.0,203.4,4.4,5.0,50.0,453.12963888888885
C9528577,0.0,1192.7,19.175,40.0,50.0,960.6095230555555
C9570E42,0.0,2160.4736842105262,13.842105263157896,38.0,50.0,917.0516322222222
C9CA50EB,1.0,1534.939393939394,40.42424242424242,33.0,50.0,918.0397625
CA00C6FB,0.0,1608.2,15.8,5.0,50.0,882.7048477777778
CA0485F2,0.0,1166.142857142857,12.80952380952381,21.0,50.0,939.2512622222223
CA4202EB,0.0,754.25,5.4375,16.0,50.0,361.71788833333335
CA7785FF,0.0,2364.425,11.25,40.0,50.0,948.6274894444444
CAB7AB1F,1.0,349.0,3.6666666666666665,3.0,50.0,905.4728555555555
CACE19ED,0.0,1592.0689655172414,11.379310344827585,29.0,50.0,887.6854016666666
CADF96EC,1.0,16.294117647058822,1.1764705882352942,17.0,50.0,724.8201411111111
CBCEFAFF,1.0,1696.7619047619048,5.380952380952381,21.0,50.0,889.7251502777779
CC278C71,0.0,1038.5263157894738,6.684210526315789,19.0,50.0,881.1729805555556
CC5D76FA,0.0,2108.1,8.85,40.0,50.0,962.2502777777778
CCB5AFED,1.0,95.6,2.2,5.0,50.0,130.36648888888888
CCCD3BF2,0.0,3061.375,2.8,40.0,50.0,936.454825
CCD76D7B,0.0,435.0833333333333,7.083333333333333,12.0,50.0,465.63968361111114
CCEADCC1,0.0,1058.3529411764705,5.9411764705882355,17.0,50.0,878.2691677777779
CD1CF3F2,0.0,2023.857142857143,9.357142857142858,28.0,50.0,923.8509055555555
CE4477F2,0.0,1182.1851851851852,12.518518518518519,27.0,50.0,894.2509719444444
CEAEA128,1.0,32.9375,1.5,16.0,50.0,577.4737372222222
CEB77457,0.0,833.421052631579,7.2105263157894735,19.0,50.0,911.4115808333333
CEE1C032,0.0,49.266666666666666,1.6,15.0,50.0,909.3945208333333
CEF81EA5,0.0,403.0,1.0,1.0,50.0,0.43019722222222223
CF5DCBD3,0.0,2242.4166666666665,10.541666666666666,24.0,50.0,920.9909869444444
CFAA28C9,0.0,2743.2083333333335,18.0,24.0,50.0,926.3236627777778
CFBE94EA,1.0,753.475,8.525,40.0,50.0,962.2577547222222
CFE11CDE,0.0,783.5277777777778,5.666666666666667,36.0,50.0,936.4508486111112
CFF2EDEB,0.0,434.0,4.75,4.0,50.0,911.5779372222222
D00840B3,0.0,3783.512195121951,17.609756097560975,41.0,50.0,948.5431327777777
D072E769,1.0,2791.2272727272725,10.363636363636363,22.0,50.0,503.6274716666667
D09DB5F9,0.0,1520.857142857143,24.857142857142858,21.0,50.0,846.9128894444444
D0A481EA,0.0,701.8333333333334,29.0,18.0,50.0,904.9191866666667
D0D36F55,0.0,1470.375,3.75,8.0,50.0,728.6528386111112
D153CCED,0.0,735.5384615384615,9.871794871794872,39.0,50.0,960.0770994444445
D20C7045,0.0,105.0,2.2857142857142856,14.0,50.0,665.8103513888889
D2477E6A,0.0,56.8,2.4,5.0,50.0,934.4101874999999
D26F5580,0.0,187.0,1.0,2.0,50.0,25.969217500000003
D2B9FF9E,0.0,830.325,14.95,40.0,50.0,960.3698275
D36D6BF2,0.0,326.3939393939394,9.575757575757576,33.0,50.0,955.6671008333334
D42B1B2B,0.0,203.92857142857142,2.857142857142857,28.0,50.0,908.7756858333333
D458100B,1.0,2069.705882352941,15.911764705882353,34.0,50.0,958.9429066666667
D5420EF4,0.0,2440.875,25.8,40.0,50.0,959.8128402777778
D56CCC5C,0.0,1057.3333333333333,8.733333333333333,30.0,50.0,746.9324411111112
D5D38C4A,0.0,1227.076923076923,5.282051282051282,39.0,50.0,935.8924266666667
D681FD52,0.0,1265.157894736842,3.6315789473684212,38.0,50.0,959.8329347222223
D757F82B,1.0,1364.0,1.5,2.0,17.0,191.0228413888889
D7581BF5,1.0,845.2380952380952,9.666666666666666,21.0,50.0,824.9492188888889
D7CA7BA1,0.0,187.4,2.2,10.0,50.0,217.3027063888889
D7CEA6FD,0.0,2666.878048780488,43.24390243902439,41.0,50.0,964.8446605555555
D7E398CE,0.0,1441.2682926829268,7.2926829268292686,41.0,50.0,942.4653741666667
D7E544EB,0.0,3021.25641025641,39.64102564102564,39.0,50.0,959.6802902777778
D80C8D95,0.0,1116.8,10.5,10.0,50.0,505.2547486111111
D8D4958C,1.0,1231.0,10.0,2.0,50.0,30.803085555555555
D99636F6,0.0,666.0,4.75,12.0,50.0,387.8847452777778
D9EED196,0.0,206.78947368421052,1.5789473684210527,19.0,50.0,932.6564038888889
DA6EA378,1.0,3789.8,14.8,5.0,48.0,100.22529638888888
DAB8942C,0.0,774.8,31.566666666666666,30.0,50.0,912.427193888889
DAE145B0,0.0,3592.25,3.75,4.0,50.0,65.62836027777779
DB9CC0F6,0.0,3240.5128205128203,39.76923076923077,39.0,50.0,941.2202413888889
DBBEAC94,0.0,2140.6666666666665,16.0,3.0,50.0,69.68422166666667
DC730DA6,1.0,388.0,7.0,1.0,50.0,0.5336483333333334
DD30E0F0,0.0,1871.6,9.55,20.0,50.0,505.0578608333334
DD6C15FF,0.0,1706.7777777777778,9.083333333333334,36.0,50.0,961.2824977777778
DD8D42AA,0.0,1911.2727272727273,2.090909090909091,11.0,50.0,692.3516163888889
DD9136F6,0.0,1021.0857142857143,1.6285714285714286,35.0,50.0,895.0520061111112
DD9723EB,1.0,1477.047619047619,15.476190476190476,21.0,50.0,934.2826797222222
DD9D4F5A,1.0,638.304347826087,2.391304347826087,23.0,50.0,930.9671900000001
DDA79ACE,0.0,1426.607142857143,12.607142857142858,28.0,50.0,883.2026352777779
DE0D49F1,1.0,1138.5384615384614,6.948717948717949,39.0,50.0,940.9089175
DEFA5C9E,0.0,136.5,3.8333333333333335,12.0,50.0,932.5995644444445
DF838EED,0.0,466.0689655172414,5.310344827586207,29.0,46.0,927.1398672222222
DFBBC9A2,0.0,1060.923076923077,87.07692307692308,13.0,50.0,942.4999975
DFDEB1EF,0.0,1973.175,16.775,40.0,50.0,958.1955311111111
E02C0FF7,0.0,3738.4146341463415,10.292682926829269,41.0,50.0,963.8348602777778
E02F19F3,1.0,867.0,3.0,1.0,50.0,2.0584619444444443
E034A2F2,0.0,1682.25,31.805555555555557,36.0,50.0,935.4764844444445
E03EBDF5,1.0,609.0,1.0,1.0,44.0,0.9906625000000001
E0537E7E,0.0,762.8333333333334,9.166666666666666,6.0,50.0,357.4551744444444
E11819A8,0.0,2415.4736842105262,13.526315789473685,38.0,50.0,927.4030202777778
E14B9EF8,0.0,1665.3809523809523,4.523809523809524,21.0,50.0,755.1518902777779
E1EE1002,0.0,3375.277777777778,5.833333333333333,18.0,50.0,588.4249702777778
E1FEE165,0.0,692.1666666666666,6.083333333333333,12.0,50.0,810.8918816666667
E246837C,1.0,2583.6470588235293,1.8235294117647058,17.0,50.0,407.4328983333333
E2CE089E,0.0,1949.6666666666667,5.666666666666667,3.0,50.0,51.66492861111111
E3675FEB,0.0,2237.3333333333335,5.25,36.0,50.0,963.99799
E464A9B0,1.0,727.1,3.45,20.0,48.0,892.5036277777778
E4AD07F0,1.0,43.46153846153846,1.3076923076923077,13.0,50.0,469.8482691666667
E4AD67F3,0.0,1243.3684210526317,4.473684210526316,19.0,50.0,531.6538177777778
E4F41EF4,0.0,2288.6285714285714,21.257142857142856,35.0,50.0,919.2122705555556
E510EF58,1.0,51.666666666666664,1.2222222222222223,9.0,50.0,204.41923305555554
E51AACCD,1.0,193.66666666666666,1.6666666666666667,3.0,50.0,95.50239805555555
E555C6FA,1.0,604.5,1.0,2.0,50.0,374.0900138888889
E59EDE2C,0.0,861.8684210526316,3.0526315789473686,38.0,50.0,939.8878527777778
E6461AFF,0.0,1495.658536585366,33.926829268292686,41.0,50.0,961.6950622222222
E64701FE,0.0,164.7,7.5,10.0,50.0,837.6635686111111
E6CEFEEB,0.0,2468.85,6.0,40.0,50.0,964.8900994444444
E709EB68,1.0,1544.15,12.15,20.0,50.0,619.9026875
E7E1DD17,1.0,4089.7894736842104,19.0,19.0,50.0,441.05777916666665
E83BFBFE,0.0,1391.65,14.95,20.0,50.0,576.5112375
E92087EF,0.0,885.4545454545455,4.151515151515151,33.0,50.0,937.4835113888888
E95AC9F3,0.0,1838.8292682926829,10.560975609756097,41.0,50.0,960.3489305555555
E99CA5F3,0.0,1548.3030303030303,10.272727272727273,33.0,50.0,864.5351830555555
E9F456BF,1.0,377.5,3.25,16.0,50.0,841.6575763888889
EA6856EE,0.0,155.1851851851852,4.962962962962963,27.0,50.0,898.6638841666667
EA9FFEE7,0.0,2371.6428571428573,12.714285714285714,14.0,50.0,888.7885408333333
EAD7AA7C,0.0,39.11764705882353,2.4705882352941178,17.0,50.0,770.2513855555555
EAE34DEF,0.0,1580.75,5.666666666666667,12.0,50.0,826.58138
EB212FF1,0.0,1857.7297297297298,13.135135135135135,37.0,50.0,894.7629947222222
EB878879,0.0,2129.75,18.125,16.0,50.0,844.1381561111111
EC058BEC,0.0,1514.5,1.5,2.0,50.0,24.388213333333333
ED3449EF,1.0,688.7666666666667,2.966666666666667,30.0,50.0,940.4039119444444
EE1CA1F1,0.0,3224.9756097560976,18.951219512195124,41.0,50.0,964.6609813888888
EE2652EA,0.0,592.8235294117648,2.588235294117647,34.0,50.0,938.6785905555555
EEA247F2,1.0,1689.3684210526317,18.94736842105263,38.0,50.0,922.0917655555556
EF07C571,0.0,3646.7804878048782,30.024390243902438,41.0,50.0,962.1965705555556
EF1871EA,0.0,2928.675,18.3,40.0,50.0,962.5738066666667
EF18B2F8,0.0,2605.4285714285716,15.314285714285715,35.0,50.0,947.2371497222223
EF1D708D,0.0,23.733333333333334,0.9666666666666667,30.0,50.0,898.0494627777778
EF832127,0.0,1728.4358974358975,14.384615384615385,39.0,50.0,956.3697419444444
F008D88D,1.0,41.0,1.5,14.0,50.0,489.7684080555556
F0A2CCEB,0.0,514.75,37.75,8.0,50.0,679.4707575
F0B5F0EA,0.0,1724.125,4.791666666666667,24.0,50.0,867.6478594444445
F0CB1EEB,0.0,1314.2571428571428,6.228571428571429,35.0,50.0,961.160265
F0CE1BFC,0.0,1262.7058823529412,13.058823529411764,17.0,50.0,865.4041027777778
F0DFAEF5,1.0,1709.0,2.0,2.0,20.0,13.2857075
F128DFFA,0.0,1854.1891891891892,11.864864864864865,37.0,50.0,964.593531111111
F1E606F6,0.0,1753.3947368421052,12.342105263157896,38.0,50.0,948.2481133333333
F24A0EFF,1.0,1190.5,6.0,2.0,50.0,690.2981288888889
F24FD9EE,1.0,1243.64,9.32,25.0,50.0,940.0577208333333
F2BC68FF,0.0,924.974358974359,8.23076923076923,39.0,50.0,950.8161991666666
F2BF8260,0.0,2195.1875,9.5625,32.0,50.0,960.3886119444445
F31927CA,0.0,2043.75,18.166666666666668,24.0,50.0,937.3790813888888
F34E8CF6,0.0,2274.2571428571428,15.0,35.0,50.0,942.2340511111111
F3965D33,0.0,2624.0285714285715,15.2,35.0,50.0,867.8548469444445
F41226D0,0.0,244.56410256410257,8.0,39.0,50.0,959.4212605555556
F490CDCC,0.0,1119.0,5.333333333333333,3.0,50.0,175.2177886111111
F4D1B5B8,0.0,2276.4146341463415,13.292682926829269,41.0,50.0,961.4657063888889
F53F02EB,1.0,994.7941176470588,11.323529411764707,34.0,50.0,912.1443966666667
F57C9EFE,1.0,800.0,10.0,1.0,50.0,1.4415608333333332
F5851E0C,0.0,1070.939393939394,6.848484848484849,33.0,50.0,746.0591211111112
F58A18F9,0.0,3419.25,38.611111111111114,36.0,50.0,947.6047480555555
F5C7CCF4,0.0,2537.5384615384614,21.641025641025642,39.0,50.0,938.5461022222222
F61DD6C1,0.0,888.6176470588235,8.852941176470589,34.0,50.0,958.7427002777778
F64B5B3B,1.0,560.6666666666666,8.777777777777779,9.0,50.0,551.5456941666666
F6AAAF17,0.0,3029.2368421052633,9.868421052631579,38.0,50.0,963.518373888889
F730105A,0.0,475.11764705882354,9.764705882352942,17.0,50.0,482.7173675
F8032BEE,0.0,3978.8571428571427,7.6571428571428575,35.0,50.0,873.2969847222222
F8081BF7,1.0,1118.2727272727273,7.818181818181818,11.0,50.0,826.125255
F8476C23,0.0,241.43478260869566,15.391304347826088,23.0,50.0,671.5119827777777
F88D3BBE,0.0,1430.9310344827586,27.75862068965517,29.0,50.0,790.8495219444445
F9B498E9,0.0,225.84,4.44,25.0,50.0,938.4128661111112
FAE18A30,0.0,3148.317073170732,25.317073170731707,41.0,50.0,961.6654441666667
FB70DDFF,0.0,1144.3636363636363,10.454545454545455,11.0,50.0,629.5215577777777
FB7299EA,0.0,1537.1666666666667,8.066666666666666,30.0,50.0,923.5436955555556
FB85F1EA,1.0,1015.6842105263158,1.263157894736842,19.0,45.0,936.4559358333333
FC1EF8C7,1.0,1035.75,2.125,8.0,50.0,715.6291625
FC573BEB,0.0,1750.6153846153845,7.3076923076923075,13.0,50.0,564.0516294444444
FC99D8F4,0.0,591.7575757575758,8.636363636363637,33.0,50.0,960.779903888889
FCF13DFF,0.0,291.8780487804878,3.2195121951219514,41.0,50.0,960.4221522222223
FDCA93FD,1.0,618.8888888888889,2.2222222222222223,9.0,50.0,746.6302527777779
FEBF99F3,1.0,2080.0967741935483,15.64516129032258,31.0,50.0,942.1103425
FEE108EF,0.0,2255.0,7.193548387096774,31.0,50.0,936.8465791666666
FEFB04FD,0.0,104.66666666666667,2.3333333333333335,3.0,50.0,520.7792966666667
FF30E5EE,0.0,923.8333333333334,4.033333333333333,30.0,50.0,936.4874158333333
FF4234EB,1.0,1769.4,5.0,5.0,50.0,77.31177694444445
FF930751,0.0,978.3793103448276,4.206896551724138,29.0,50.0,913.5641777777778
FFD47031,0.0,1618.076923076923,8.666666666666666,39.0,50.0,940.0751177777778
